{"cameraMode":{"drawMode":0,"name":"Shaded","section":"Shading Mode"},"sceneLighting":false,"audioPlay":false,"sceneViewState":{"m_AlwaysRefresh":false,"showFog":true,"showSkybox":false,"showFlares":true,"showImageEffects":true,"showParticleSystems":true,"showVisualEffectGraphs":true,"m_FxEnabled":true},"in2DMode":false,"pivot":{"x":0.034131065011024478,"y":0.5298069715499878,"z":-0.031956642866134647},"rotation":{"x":-0.22406578063964845,"y":0.08233225345611572,"z":-0.019000688567757608,"w":-0.9709044098854065},"size":0.8682423830032349,"orthographic":false}