{"cameraMode":{"drawMode":0,"name":"Shaded","section":"Shading Mode"},"sceneLighting":false,"audioPlay":false,"sceneViewState":{"m_AlwaysRefresh":false,"showFog":true,"showSkybox":false,"showFlares":true,"showImageEffects":true,"showParticleSystems":true,"showVisualEffectGraphs":true,"m_FxEnabled":true},"in2DMode":false,"pivot":{"x":0.23827168345451356,"y":1.4460896253585816,"z":0.6244015693664551},"rotation":{"x":0.04379720240831375,"y":-0.0009389286860823631,"z":0.00010194307833444327,"w":0.999080240726471},"size":0.9117359519004822,"orthographic":false}