{"cameraMode":{"drawMode":0,"name":"Shaded","section":"Shading Mode"},"sceneLighting":false,"audioPlay":false,"sceneViewState":{"m_AlwaysRefresh":false,"showFog":true,"showSkybox":false,"showFlares":true,"showImageEffects":true,"showParticleSystems":true,"showVisualEffectGraphs":true,"m_FxEnabled":true},"in2DMode":false,"pivot":{"x":64.63734436035156,"y":3.7290780544281008,"z":66.51788330078125},"rotation":{"x":0.017023194581270219,"y":0.9752364754676819,"z":-0.20512288808822633,"w":0.08093506842851639},"size":1.4507602453231812,"orthographic":false}