{"cameraMode":{"drawMode":0,"name":"Shaded","section":"Shading Mode"},"sceneLighting":false,"audioPlay":false,"sceneViewState":{"m_AlwaysRefresh":false,"showFog":true,"showSkybox":false,"showFlares":true,"showImageEffects":true,"showParticleSystems":true,"showVisualEffectGraphs":true,"m_FxEnabled":true},"in2DMode":false,"pivot":{"x":0.034131065011024478,"y":0.5298069715499878,"z":-0.031956642866134647},"rotation":{"x":0.04398571327328682,"y":0.9537389278411865,"z":-0.17385664582252503,"w":0.2412964105606079},"size":0.8682423830032349,"orthographic":false}