{"cameraMode":{"drawMode":0,"name":"Shaded","section":"Shading Mode"},"sceneLighting":false,"audioPlay":false,"sceneViewState":{"m_AlwaysRefresh":false,"showFog":true,"showSkybox":false,"showFlares":true,"showImageEffects":true,"showParticleSystems":true,"showVisualEffectGraphs":true,"m_FxEnabled":true},"in2DMode":false,"pivot":{"x":0.04266846179962158,"y":0.954077422618866,"z":0.11701470613479614},"rotation":{"x":0.008268876932561398,"y":0.979822039604187,"z":-0.1953672170639038,"w":0.041472021490335467},"size":2.0754032135009767,"orthographic":false}