{"cameraMode":{"drawMode":0,"name":"Shaded","section":"Shading Mode"},"sceneLighting":false,"audioPlay":false,"sceneViewState":{"m_AlwaysRefresh":false,"showFog":true,"showSkybox":false,"showFlares":true,"showImageEffects":true,"showParticleSystems":true,"showVisualEffectGraphs":true,"m_FxEnabled":true},"in2DMode":false,"pivot":{"x":0.37601953744888308,"y":0.6066042184829712,"z":0.2433040887117386},"rotation":{"x":-0.22406578063964845,"y":0.08233225345611572,"z":-0.019000688567757608,"w":-0.9709044098854065},"size":0.46351394057273867,"orthographic":false}