{"cameraMode":{"drawMode":0,"name":"Shaded","section":"Shading Mode"},"sceneLighting":false,"audioPlay":false,"sceneViewState":{"m_AlwaysRefresh":false,"showFog":true,"showSkybox":false,"showFlares":true,"showImageEffects":true,"showParticleSystems":true,"showVisualEffectGraphs":true,"m_FxEnabled":true},"in2DMode":false,"pivot":{"x":2.9790115356445314,"y":-0.14327096939086915,"z":1.6058900356292725},"rotation":{"x":0.30776751041412356,"y":0.5217851996421814,"z":-0.20920179784297944,"w":0.767631471157074},"size":5.534017562866211,"orthographic":false}