{"cameraMode":{"drawMode":0,"name":"Shaded","section":"Shading Mode"},"sceneLighting":false,"audioPlay":false,"sceneViewState":{"m_AlwaysRefresh":false,"showFog":true,"showSkybox":false,"showFlares":true,"showImageEffects":true,"showParticleSystems":true,"showVisualEffectGraphs":true,"m_FxEnabled":true},"in2DMode":false,"pivot":{"x":0.034131065011024478,"y":0.5298069715499878,"z":-0.031956642866134647},"rotation":{"x":-0.009212936274707318,"y":0.9893767833709717,"z":-0.1256367564201355,"w":-0.07255107909440994},"size":0.6586599349975586,"orthographic":false}