{"cameraMode":{"drawMode":0,"name":"Shaded","section":"Shading Mode"},"sceneLighting":false,"audioPlay":false,"sceneViewState":{"m_AlwaysRefresh":false,"showFog":true,"showSkybox":false,"showFlares":true,"showImageEffects":true,"showParticleSystems":true,"showVisualEffectGraphs":true,"m_FxEnabled":true},"in2DMode":false,"pivot":{"x":5.960464477539063e-8,"y":0.9692705273628235,"z":-0.07746446132659912},"rotation":{"x":-0.009212936274707318,"y":0.9893767833709717,"z":-0.1256367564201355,"w":-0.07255107909440994},"size":0.5797415971755981,"orthographic":false}