{"cameraMode":{"drawMode":0,"name":"Shaded","section":"Shading Mode"},"sceneLighting":false,"audioPlay":false,"sceneViewState":{"m_AlwaysRefresh":false,"showFog":true,"showSkybox":false,"showFlares":true,"showImageEffects":true,"showParticleSystems":true,"showVisualEffectGraphs":true,"m_FxEnabled":true},"in2DMode":false,"pivot":{"x":0.11183948814868927,"y":0.6267465949058533,"z":0.3475184440612793},"rotation":{"x":0.04398571327328682,"y":0.9537389278411865,"z":-0.17385664582252503,"w":0.2412964105606079},"size":1.1738154888153077,"orthographic":false}