{"cameraMode":{"drawMode":0,"name":"Shaded","section":"Shading Mode"},"sceneLighting":false,"audioPlay":false,"sceneViewState":{"m_AlwaysRefresh":false,"showFog":true,"showSkybox":false,"showFlares":true,"showImageEffects":true,"showParticleSystems":true,"showVisualEffectGraphs":true,"m_FxEnabled":true},"in2DMode":false,"pivot":{"x":0.04021453857421875,"y":0.7300505638122559,"z":-0.06760430335998535},"rotation":{"x":0.008268876932561398,"y":0.979822039604187,"z":-0.1953672170639038,"w":0.041472021490335467},"size":2.825404644012451,"orthographic":false}