{"cameraMode":{"drawMode":0,"name":"Shaded","section":"Shading Mode"},"sceneLighting":false,"audioPlay":false,"sceneViewState":{"m_AlwaysRefresh":false,"showFog":true,"showSkybox":false,"showFlares":true,"showImageEffects":true,"showParticleSystems":true,"showVisualEffectGraphs":true,"m_FxEnabled":true},"in2DMode":false,"pivot":{"x":1.605714201927185,"y":0.6517208814620972,"z":0.2688711881637573},"rotation":{"x":0.04398571327328682,"y":0.9537389278411865,"z":-0.17385664582252503,"w":0.2412964105606079},"size":1.2728710174560547,"orthographic":false}