{"cameraMode":{"drawMode":0,"name":"Shaded","section":"Shading Mode"},"sceneLighting":false,"audioPlay":false,"sceneViewState":{"m_AlwaysRefresh":false,"showFog":true,"showSkybox":false,"showFlares":true,"showImageEffects":true,"showParticleSystems":true,"showVisualEffectGraphs":true,"m_FxEnabled":true},"in2DMode":false,"pivot":{"x":0.04266846179962158,"y":0.954077422618866,"z":0.11701470613479614},"rotation":{"x":-0.003565514460206032,"y":-0.8915005922317505,"z":0.006948338821530342,"w":-0.4530235528945923},"size":2.0754032135009767,"orthographic":false}