{"cameraMode":{"drawMode":0,"name":"Shaded","section":"Shading Mode"},"sceneLighting":false,"audioPlay":false,"sceneViewState":{"m_AlwaysRefresh":false,"showFog":true,"showSkybox":false,"showFlares":true,"showImageEffects":true,"showParticleSystems":true,"showVisualEffectGraphs":true,"m_FxEnabled":true},"in2DMode":false,"pivot":{"x":-0.042158305644989017,"y":0.7230626344680786,"z":0.5579588413238525},"rotation":{"x":0.010677631944417954,"y":0.9856700897216797,"z":-0.06842615455389023,"w":0.15381325781345368},"size":0.4616203308105469,"orthographic":false}